{
  "project_info": {
    "project_number": "907699551639",
    "project_id": "credit-b9eb1",
    "storage_bucket": "credit-b9eb1.appspot.com"
  },
  "client": [
    {
      "client_info": {
        "mobilesdk_app_id": "1:907699551639:android:45baec0fcc2b44974898d2",
        "android_client_info": {
          "package_name": "com.flutterflow.mydream"
        }
      },
      "oauth_client": [
        {
          "client_id": "907699551639-j6svomvejvlaq250ags9pkt0fnf830os.apps.googleusercontent.com",
          "client_type": 3
        }
      ],
      "api_key": [
        {
          "current_key": "AIzaSyBfXLvCfn2ERROKIolArc77-Stshob4TZM"
        }
      ],
      "services": {
        "appinvite_service": {
          "other_platform_oauth_client": [
            {
              "client_id": "907699551639-j6svomvejvlaq250ags9pkt0fnf830os.apps.googleusercontent.com",
              "client_type": 3
            }
          ]
        }
      }
    }
  ],
  "configuration_version": "1"
}